timestamp,No_,Name,Search Name,Name 2,Address,Address 2,City,Contact,Phone No_,Telex No_,Our Account No_,Territory Code,Department,Project,Chain Name,Budgeted Amount,Credit Limit (LCY),Customer Posting Group,Currency Code,Customer Price Group,Language Code,Statistics Group,Payment Terms Code,Fin_ Charge Terms Code,Salesperson Code,Shipment Method Code,Shipping Agent Code,Place of Export,Invoice Disc_ Code,Customer Disc_ Group,Country_Region Code,Collection Method,Amount,Blocked,Invoice Copies,Last Statement No_,Print Statements,Bill-to Customer No_,Priority,Payment Method Code,Last Date Modified,Application Method,Prices Including VAT,Location Code,Fax No_,Telex Answer Back,VAT Registration No_,Combine Shipments,Gen_ Bus_ Posting Group,Picture,Post Code,County,E-Mail,Home Page,Reminder Terms Code,No_ Series,Tax Area Code,Tax Liable,VAT Bus_ Posting Group,Reserve,Block Payment Tolerance,IC Partner Code,Prepayment _,Primary Contact No_,Responsibility Center,Shipping Advice,Shipping Time,Shipping Agent Service Code,Service Zone Code,Allow Line Disc_,Base Calendar Code,Copy Sell-to Addr_ to Qte From,Type of Supply Code,Cash Flow Payment Terms Code,Partner Type,Preferred Bank Account
0x00000000006879FA,1121212,Spotsmeyer's Furnishings,SPOTSMEYER'S FURNISHINGS,,612 South Sunset Drive,,Miami,Mr. Mike Nash,,,,FOREIGN,SALES,,,0,0,FOREIGN,USD,,ENU,0,1M(8D),2.0 FOR.,JR,EXW,,,1121212,,US,,0,0,0,0,1,1454545,0,,00:00.0,0,0,YELLOW,,,,1,EXPORT,NULL,US-FL 37125,,spotsmeyer's.furnishings@cronuscorp.net,,FOREIGN,,,0,EXPORT,1,0,,0,,,0,,,X,1,,0,,,0,
0x00000000006879FE,1445544,Progressive Home Furnishings,PROGRESSIVE HOME FURNISHINGS,,3000 Roosevelt Blvd.,,Chicago,Mr. Scott Mitchell,,,,FOREIGN,SALES,,,0,0,FOREIGN,USD,,ENU,0,14 DAYS,2.0 FOR.,JR,EXW,,,1445544,RETAIL,US,,0,0,0,0,1,,0,,00:00.0,0,0,YELLOW,,,,1,EXPORT,NULL,US-IL 61236,,progressive.home.furnishings@cronuscorp.net,,FOREIGN,,,0,EXPORT,1,0,,0,,,0,,,X,1,,0,,,0,
0x0000000000687A03,1454545,New Concepts Furniture,NEW CONCEPTS FURNITURE,,705 West Peachtree Street,,Atlanta,Ms. Tammy L. McDonald,,,,FOREIGN,SALES,,,0,0,FOREIGN,USD,,ENU,0,CM,2.0 FOR.,JR,EXW,,,1454545,LARGE ACC,US,,0,0,0,0,1,,0,,00:00.0,0,0,YELLOW,,,,1,EXPORT,NULL,US-GA 31772,,new.concepts.furniture@cronuscorp.net,,FOREIGN,,,0,EXPORT,1,0,,0,,,0,,,X,1,,0,,,0,
0x00000000006879FC,1905893,Candoxy Canada Inc.,CANDOXY CANADA INC.,,18 Cumberland Street,,Thunder Bay,Mr. Rob Young,,,,FOREIGN,SALES,,,0,0,FOREIGN,CAD,,ENC,0,1M(8D),2.0 FOR.,JR,EXW,,,1905893,,CA,,0,0,0,0,1,,0,,00:00.0,0,0,YELLOW,,,,1,EXPORT,NULL,CA-ON P7B 5E2,,candoxy.canada.inc@cronuscorp.net,,FOREIGN,,,0,EXPORT,1,0,,0,,,0,,,X,1,,0,,,0,
0x00000000006879FD,1905899,Elkhorn Airport,ELKHORN AIRPORT,,105 Buffalo Dr.,,Elkhorn,Mr. Ryan Danner,,,,FOREIGN,SALES,,,0,0,FOREIGN,CAD,,ENC,0,14 DAYS,2.0 FOR.,JR,EXW,,,1905899,RETAIL,CA,,0,0,0,0,1,,0,,00:00.0,0,0,YELLOW,,,,1,EXPORT,NULL,CA-MB R0M 0N0,,elkhorn.airport@cronuscorp.net,,FOREIGN,,,0,EXPORT,1,0,,0,,,0,,,X,1,,0,,,0,
0x00000000006879F5,1905902,London Candoxy Storage Campus,LONDON CANDOXY STORAGE CAMPUS,,120 Wellington Rd.,,London,Mr. John Kane,,,,FOREIGN,SALES,,,0,0,FOREIGN,CAD,,ENC,0,CM,2.0 FOR.,JR,EXW,,,1905902,LARGE ACC,CA,,0,0,0,0,1,,0,,00:00.0,0,0,YELLOW,,,,1,EXPORT,NULL,CA-ON N6B 1V7,,london.candoxy.storage.campus@cronuscorp.net,,FOREIGN,,,0,EXPORT,1,0,,0,,,0,,,X,1,,0,,,0,
0x00000000006879F0,10000,The Cannon Group PLC,THE CANNON GROUP PLC,,192 Market Square,,Birmingham,Mr. Andy Teal,,,,FOREIGN,SALES,,,0,0,DOMESTIC,,,ENG,0,1M(8D),1.5 DOM.,PS,EXW,DHL,,10000,,GB,,0,0,0,0,1,,0,,00:00.0,0,0,BLUE,,,789456278,1,NATIONAL,NULL,B27 4KT,,the.cannon.group.plc@cronuscorp.net,,DOMESTIC,,,0,NATIONAL,1,0,,0,,BIRMINGHAM,0,1,OVERNIGHT,M,1,,0,,,0,
0x00000000006879C8,101000,School of Fine Art,SCHOOL OF FINE ART,,72 Lord Street,,Liverpool,Irene J?ergensen,,,,FOREIGN,SALES,,,0,0,DOMESTIC,,,ENG,0,1M(8D),1.5 DOM.,AH,EXW,DHL,,10000,,GB,,0,0,0,0,1,,0,,00:00.0,0,0,GREEN,,,789456278,1,NATIONAL,NULL,L2 1TL,Merseyside,,http://www.fineartschool.net *,DOMESTIC,,,0,NATIONAL,1,0,,0,,BIRMINGHAM,0,1,OVERNIGHT,M,1,,0,,,0,
0x000000000068799E,102000,Graphic Design Institute,GRAPHIC DESIGN INSTITUTE,,33 Royal Avenue,,Belfast,Ari Suominen,,,,FOREIGN,SALES,,,0,0,DOMESTIC,,,ENG,0,1M(8D),1.5 DOM.,AH,EXW,DHL,,10000,,GB,,0,0,0,0,1,,0,,00:00.0,0,0,BLUE,,,789456278,1,NATIONAL,NULL,BT1 1FD,,,http://www.graphicdesigninstitute.com/,DOMESTIC,,,0,NATIONAL,1,0,,0,,BIRMINGHAM,0,1,OVERNIGHT,M,1,,0,,,0,
0x00000000006879C9,103000,Ivan Komashinsky,IVAN KOMASHINSKY,,44 Donegall Place,,Belfast,Ivan Komashinsky,,,,FOREIGN,SALES,,,0,0,DOMESTIC,,,ENG,0,1M(8D),1.5 DOM.,MD,EXW,DHL,,10000,,GB,,0,0,0,0,1,,0,,00:00.0,0,0,BLUE,,,789456278,1,NATIONAL,NULL,BT1 5BB,Antrim,,,DOMESTIC,,,0,NATIONAL,1,0,,0,,BIRMINGHAM,0,1,OVERNIGHT,M,1,,0,,,0,
0x00000000006879A9,104000,David Galvin,DAVID GALVIN,,East Kilbride Delivery Office,15 Cornwall Street,Glasgow,David Galvin,,,,FOREIGN,SALES,,,0,0,DOMESTIC,,,ENG,0,1M(8D),1.5 DOM.,MD,EXW,DHL,,10000,,GB,,0,0,0,0,1,,0,,00:00.0,0,0,BLUE,,,789456278,1,NATIONAL,NULL,G74 1JN,,,,DOMESTIC,,,0,NATIONAL,1,0,,0,,BIRMINGHAM,0,1,OVERNIGHT,M,1,,0,,,0,
0x00000000006879E1,105000,Marianna Sunova,MARIANNA SUNOVA,,591 Kings Road,Hammersmith,Greater London,Marianna Sunova,,,,FOREIGN,SALES,,,0,0,DOMESTIC,,,ENG,0,1M(8D),1.5 DOM.,MD,EXW,DHL,,10000,,GB,,0,0,0,0,1,,0,,00:00.0,0,0,YELLOW,,,789456278,1,NATIONAL,NULL,SW6 2EH,,,,DOMESTIC,,,0,NATIONAL,1,0,,0,,BIRMINGHAM,0,1,OVERNIGHT,M,1,,0,,,0,
0x0000000000687A0E,106000,Rui Raposo,RUI RAPOSO,,89 Chancery lane,,City of London,Rui Raposo,,,,FOREIGN,SALES,,,0,0,DOMESTIC,,,ENG,0,1M(8D),1.5 DOM.,MD,EXW,DHL,,10000,,GB,,0,0,0,0,1,,0,,00:00.0,0,0,YELLOW,,,789456278,1,NATIONAL,NULL,WC2A 1EU,,,,DOMESTIC,,,0,NATIONAL,1,0,,0,,BIRMINGHAM,0,1,OVERNIGHT,M,1,,0,,,0,
0x00000000006879A6,107000,Dalibor Kacmar,DALIBOR KACMAR,,389 Argyle Street,,Glasgow,Dalibor Kacmar,,,,FOREIGN,SALES,,,0,0,DOMESTIC,,,ENG,0,1M(8D),1.5 DOM.,MD,EXW,DHL,,10000,,GB,,0,0,0,0,1,,0,,00:00.0,0,0,BLUE,,,789456278,1,NATIONAL,NULL,G2 8LR,,,,DOMESTIC,,,0,NATIONAL,1,0,,0,,BIRMINGHAM,0,1,OVERNIGHT,M,1,,0,,,0,
0x00000000006879D9,108000,Lubor Krebs,LUBOR KREBS,,Unit 3,The Exebridge Centre,Exeter,Lubor Krebs,,,,FOREIGN,SALES,,,0,0,DOMESTIC,,,ENG,0,1M(8D),1.5 DOM.,MD,EXW,DHL,,10000,,GB,,0,0,0,0,1,,0,,00:00.0,0,0,RED,,,789456278,1,NATIONAL,NULL,EX4 1AH,Devon,,,DOMESTIC,,,0,NATIONAL,1,0,,0,,BIRMINGHAM,0,1,OVERNIGHT,M,1,,0,,,0,
0x00000000006879D4,109000,Kevin Kelly,KEVIN KELLY,,Welsh Back,,Bristol,Kevin Kelly,,,,FOREIGN,SALES,,,0,0,DOMESTIC,,,ENG,0,1M(8D),1.5 DOM.,MD,EXW,DHL,,10000,,GB,,0,0,0,0,1,,0,,00:00.0,0,0,RED,,,789456278,1,NATIONAL,NULL,BS1 4SB,Avon,,,DOMESTIC,,,0,NATIONAL,1,0,,0,,BIRMINGHAM,0,1,OVERNIGHT,M,1,,0,,,0,
0x0000000000687A1F,110000,Zainal Arifin,ZAINAL ARIFIN,,133 Princes Street,,Edinburgh,Zainal Arifin,,,,FOREIGN,SALES,,,0,0,DOMESTIC,,,ENG,0,1M(8D),1.5 DOM.,MD,EXW,DHL,,10000,,GB,,0,0,0,0,1,,0,,00:00.0,0,0,BLUE,,,789456278,1,NATIONAL,NULL,EH2 4AH,City of Edinburgh,,,DOMESTIC,,,0,NATIONAL,1,0,,0,,BIRMINGHAM,0,1,OVERNIGHT,M,1,,0,,,0,
0x0000000000687A10,111000,Sandhya Thodla,SANDHYA THODLA,,162 Earl's Court Road,,London,Sandhya Thodla,,,,FOREIGN,SALES,,,0,0,DOMESTIC,,,ENG,0,1M(8D),1.5 DOM.,MD,EXW,DHL,,10000,,GB,,0,0,0,0,1,,0,,00:00.0,0,0,YELLOW,,,789456278,1,NATIONAL,NULL,SW5 9QQ,,,,DOMESTIC,,,0,NATIONAL,1,0,,0,,BIRMINGHAM,0,1,OVERNIGHT,M,1,,0,,,0,
0x00000000006879B1,112000,Esther Valle,ESTHER VALLE,,8 Market Street,,Aberdeen,Esther Valle,,,,FOREIGN,SALES,,,0,0,DOMESTIC,,,ENG,0,1M(8D),1.5 DOM.,MD,EXW,DHL,,10000,,GB,,0,0,0,0,1,,0,,00:00.0,0,0,BLUE,,,789456278,1,NATIONAL,NULL,AB11 5NX,Aberdeen City,,,DOMESTIC,,,0,NATIONAL,1,0,,0,,BIRMINGHAM,0,1,OVERNIGHT,M,1,,0,,,0,
0x00000000006879A2,113000,Proseware Inc.,PROSEWARE INC.,,122 Rose Street,,Edinburgh,Carlos Grilo,,,,FOREIGN,SALES,,,0,0,DOMESTIC,,,ENG,0,1M(8D),1.5 DOM.,JR,EXW,DHL,,10000,,GB,,0,0,0,0,1,,0,,00:00.0,0,0,BLUE,,,789456278,1,NATIONAL,NULL,EH2 3JF,Midlothian,,http://www.proseware.com/,DOMESTIC,,,0,NATIONAL,1,0,,0,,BIRMINGHAM,0,1,OVERNIGHT,M,1,,0,,,0,
0x00000000006879CE,114000,Adventure Works,ADVENTURE WORKS,,20 Market Street,,Leigh,Jinghao Liu,,,,FOREIGN,SALES,,,0,0,DOMESTIC,,,ENG,0,1M(8D),1.5 DOM.,JR,EXW,DHL,,10000,,GB,,0,0,0,0,1,,0,,00:00.0,0,0,GREEN,,,789456278,1,NATIONAL,NULL,WN7 1DS,Lancashire,,http://www.adventure-works.com/,DOMESTIC,,,0,NATIONAL,1,0,,0,,BIRMINGHAM,0,1,OVERNIGHT,M,1,,0,,,0,
0x00000000006879D3,115000,Trey Research,TREY RESEARCH,,23 Oxford Street,,Bristol,Karolina Sa?as-Szlejter,,,,FOREIGN,SALES,,,0,0,DOMESTIC,,,ENG,0,1M(8D),1.5 DOM.,JR,EXW,DHL,,10000,,GB,,0,0,0,0,1,,0,,00:00.0,0,0,RED,,,789456278,1,NATIONAL,NULL,BS2 0QT,Avon,,http://www.treyresearch.net/ *,DOMESTIC,,,0,NATIONAL,1,0,,0,,BIRMINGHAM,0,1,OVERNIGHT,M,1,,0,,,0,
0x0000000000687A1C,116000,The Phone Company,THE PHONE COMPANY,,87 Brompton Rd.,,London,Velimir Davidovski,,,,FOREIGN,SALES,,,0,0,DOMESTIC,,,ENG,0,1M(8D),1.5 DOM.,JR,EXW,DHL,,10000,,GB,,0,0,0,0,1,,0,,00:00.0,0,0,YELLOW,,,789456278,1,NATIONAL,NULL,SW1X 7XL,,,http://www.thephone-company.com/,DOMESTIC,,,0,NATIONAL,1,0,,0,,BIRMINGHAM,0,1,OVERNIGHT,M,1,,0,,,0,
0x00000000006879D5,117000,Wide World Importers,WIDE WORLD IMPORTERS,,30 Bexley High Street,,Bexley,Kevin Kennedy,,,,FOREIGN,SALES,,,0,0,DOMESTIC,,,ENG,0,1M(8D),1.5 DOM.,JR,EXW,DHL,,10000,,GB,,0,0,0,0,1,,0,,00:00.0,0,0,YELLOW,,,789456278,1,NATIONAL,NULL,DA5 1AD,,,http://www.wideworldimporters.com/,DOMESTIC,,,0,NATIONAL,1,0,,0,,BIRMINGHAM,0,1,OVERNIGHT,M,1,,0,,,0,
0x0000000000687A07,118000,Wingtip Toys,WINGTIP TOYS,,Wellington Mill,Duke St.,Manchester,Pierangela Pezzini,,,,FOREIGN,SALES,,,0,0,DOMESTIC,,,ENG,0,1M(8D),1.5 DOM.,JR,EXW,DHL,,10000,,GB,,0,0,0,0,1,,0,,00:00.0,0,0,GREEN,,,789456278,1,NATIONAL,NULL,M3 4NF,,,http://www.wingtiptoys.com/,DOMESTIC,,,0,NATIONAL,1,0,,0,,BIRMINGHAM,0,1,OVERNIGHT,M,1,,0,,,0,
0x00000000006879E5,119000,Blue Yonder Airlines,BLUE YONDER AIRLINES,,2 Wharton St.,,Cardiff,Michael Greg Blythe,,,,FOREIGN,SALES,,,0,0,DOMESTIC,,,ENG,0,1M(8D),1.5 DOM.,JR,EXW,DHL,,10000,,GB,,0,0,0,0,1,,0,,00:00.0,0,0,RED,,,789456278,1,NATIONAL,NULL,CF10 1AG,South Glamorgan,,http://www.blueyonderairlines.com/,DOMESTIC,,,0,NATIONAL,1,0,,0,,BIRMINGHAM,0,1,OVERNIGHT,M,1,,0,,,0,
0x00000000006879B0,120000,City Power & Light,CITY POWER & LIGHT,,11 Queens Arcade,,Leeds,Eric Swift,,,,FOREIGN,SALES,,,0,0,DOMESTIC,,,ENG,0,1M(8D),1.5 DOM.,JR,EXW,DHL,,10000,,GB,,0,0,0,0,1,,0,,00:00.0,0,0,GREEN,,,789456278,1,NATIONAL,NULL,LS1 6LF,West Yorkshire,,http://www.cpandl.com/,DOMESTIC,,,0,NATIONAL,1,0,,0,,BIRMINGHAM,0,1,OVERNIGHT,M,1,,0,,,0,
0x00000000006879AA,121000,Alpine Ski House,ALPINE SKI HOUSE,,102 The Moor,,Sheffield,David Hamilton,,,,FOREIGN,SALES,,,0,0,DOMESTIC,,,ENG,0,1M(8D),1.5 DOM.,JR,EXW,DHL,,10000,,GB,,0,0,0,0,1,,0,,00:00.0,0,0,GREEN,,,789456278,1,NATIONAL,NULL,S1 4PB,South Yorkshire,,http://www.alpineskihouse.com/,DOMESTIC,,,0,NATIONAL,1,0,,0,,BIRMINGHAM,0,1,OVERNIGHT,M,1,,0,,,0,
0x00000000006879A1,122000,Coho Vineyard,COHO VINEYARD,,278 North Road,,Cardiff,Bruce Keever,,,,FOREIGN,SALES,,,0,0,DOMESTIC,,,ENG,0,1M(8D),1.5 DOM.,JR,EXW,DHL,,10000,,GB,,0,0,0,0,1,,0,,00:00.0,0,0,RED,,,789456278,1,NATIONAL,NULL,CF14 3BN,,,http://www.cohovineyard.com/,DOMESTIC,,,0,NATIONAL,1,0,,0,,BIRMINGHAM,0,1,OVERNIGHT,M,1,,0,,,0,
0x0000000000687A04,123000,Coho Winery,COHO WINERY,,10 Cleveland Centre,,Middlesbrough,Olivier Renaud,,,,FOREIGN,SALES,,,0,0,DOMESTIC,,,ENG,0,1M(8D),1.5 DOM.,JR,EXW,DHL,,10000,,GB,,0,0,0,0,1,,0,,00:00.0,0,0,GREEN,,,789456278,1,NATIONAL,NULL,TS1 2NP,Cleveland,,http://www.cohowinery.com/,DOMESTIC,,,0,NATIONAL,1,0,,0,,BIRMINGHAM,0,1,OVERNIGHT,M,1,,0,,,0,
0x0000000000687A0C,124000,Woodgrove Bank,WOODGROVE BANK,,6 Castle Street,,Edinburgh,Rohinton Wadia,,,,FOREIGN,SALES,,,0,0,DOMESTIC,,,ENG,0,1M(8D),1.5 DOM.,JR,EXW,DHL,,10000,,GB,,0,0,0,0,1,,0,,00:00.0,0,0,BLUE,,,789456278,1,NATIONAL,NULL,EH2 3AT,,,http://www.woodgrovebank.com/,DOMESTIC,,,0,NATIONAL,1,0,,0,,BIRMINGHAM,0,1,OVERNIGHT,M,1,,0,,,0,
0x00000000006879DF,125000,Margie's Travel,MARGIE'S TRAVEL,,41 Paradise Street,,Liverpool,Magnus Hedlund,,,,FOREIGN,SALES,,,0,0,DOMESTIC,,,ENG,0,1M(8D),1.5 DOM.,JR,EXW,DHL,,10000,,GB,,0,0,0,0,1,,0,,00:00.0,0,0,GREEN,,,789456278,1,NATIONAL,NULL,L1 3EU,Merseyside,,http://www.margiestravel.com/,DOMESTIC,,,0,NATIONAL,1,0,,0,,BIRMINGHAM,0,1,OVERNIGHT,M,1,,0,,,0,
0x0000000000687A0F,126000,Fourth Coffee,FOURTH COFFEE,,7 St Nicholas Street,,Aberdeen,Sameer A. Tejani,,,,FOREIGN,SALES,,,0,0,DOMESTIC,,,ENG,0,1M(8D),1.5 DOM.,JR,EXW,DHL,,10000,,GB,,0,0,0,0,1,,0,,00:00.0,0,0,BLUE,,,789456278,1,NATIONAL,NULL,AB10 1HE,,,http://www.fourthcoffee.com/,DOMESTIC,,,0,NATIONAL,1,0,,0,,BIRMINGHAM,0,1,OVERNIGHT,M,1,,0,,,0,
0x00000000006879D8,127000,Tailspin Toys,TAILSPIN TOYS,,Unit 1,Parc Tawe North,Swansea,Lertchai Treetawatchaiwong,,,,FOREIGN,SALES,,,0,0,DOMESTIC,,,ENG,0,1M(8D),1.5 DOM.,JR,EXW,DHL,,10000,,GB,,0,0,0,0,1,,0,,00:00.0,0,0,RED,,,789456278,1,NATIONAL,NULL,SA1 8AW,Wales,,http://www.tailspintoys.com/,DOMESTIC,,,0,NATIONAL,1,0,,0,,BIRMINGHAM,0,1,OVERNIGHT,M,1,,0,,,0,
0x00000000006879A4,128000,Southridge Video,SOUTHRIDGE VIDEO,,7 Corporation Street,,Birmingham,Christen Anderson,,,,FOREIGN,SALES,,,0,0,DOMESTIC,,,ENG,0,1M(8D),1.5 DOM.,JR,EXW,DHL,,10000,,GB,,0,0,0,0,1,,0,,00:00.0,0,0,YELLOW,,,789456278,1,NATIONAL,NULL,B2 4LP,West Midlands,,http://www.southridgevideo.com/,DOMESTIC,,,0,NATIONAL,1,0,,0,,BIRMINGHAM,0,1,OVERNIGHT,M,1,,0,,,0,
0x00000000006879CF,129000,Contoso Pharmaceuticals,CONTOSO PHARMACEUTICALS,,154 Lisburn Road,,Belfast,Jonas Brandel,,,,FOREIGN,SALES,,,0,0,DOMESTIC,,,ENG,0,1M(8D),1.5 DOM.,JR,EXW,DHL,,10000,,GB,,0,0,0,0,1,,0,,00:00.0,0,0,BLUE,,,789456278,1,NATIONAL,NULL,BT9 6AJ,,,http://www.contoso.com/,DOMESTIC,,,0,NATIONAL,1,0,,0,,BIRMINGHAM,0,1,OVERNIGHT,M,1,,0,,,0,
0x00000000006879C7,130000,Consolidated Messenger,CONSOLIDATED MESSENGER,,47 High Street,,Bristol,Inbar Gazit,,,,FOREIGN,SALES,,,0,0,DOMESTIC,,,ENG,0,1M(8D),1.5 DOM.,JR,EXW,DHL,,10000,,GB,,0,0,0,0,1,,0,,00:00.0,0,0,RED,,,789456278,1,NATIONAL,NULL,BS1 2AZ,Avon,,http://www.consolidatedmessenger.com/,DOMESTIC,,,0,NATIONAL,1,0,,0,,BIRMINGHAM,0,1,OVERNIGHT,M,1,,0,,,0,
0x0000000000687A12,131000,Humongous Insurance,HUMONGOUS INSURANCE,,28 Lower Ashley Road,Saint Agnes,Bristol,Spencer Low,,,,FOREIGN,SALES,,,0,0,DOMESTIC,,,ENG,0,1M(8D),1.5 DOM.,JR,EXW,DHL,,10000,,GB,,0,0,0,0,1,,0,,00:00.0,0,0,RED,,,789456278,1,NATIONAL,NULL,BS2 9NP,Avon,,http://www.humongousinsurance.com/,DOMESTIC,,,0,NATIONAL,1,0,,0,,BIRMINGHAM,0,1,OVERNIGHT,M,1,,0,,,0,
0x00000000006879BD,132000,Lucerne Publishing,LUCERNE PUBLISHING,,12 Princes Square,East Kilbride,Glasgow,Gary W. Yukish,,,,FOREIGN,SALES,,,0,0,DOMESTIC,,,ENG,0,1M(8D),1.5 DOM.,JR,EXW,DHL,,10000,,GB,,0,0,0,0,1,,0,,00:00.0,0,0,BLUE,,,789456278,1,NATIONAL,NULL,G74 1LJ,,,http://www.lucernepublishing.com/,DOMESTIC,,,0,NATIONAL,1,0,,0,,BIRMINGHAM,0,1,OVERNIGHT,M,1,,0,,,0,
0x00000000006879E8,133000,Michal Chmiela,MICHAL CHMIELA,,2 Lower Castle Street,Clifton,Bristol,Michal Chmiela,,,,FOREIGN,SALES,,,0,0,DOMESTIC,,,ENG,0,1M(8D),1.5 DOM.,MD,EXW,DHL,,10000,,GB,,0,0,0,0,1,,0,,00:00.0,0,0,RED,,,789456278,1,NATIONAL,NULL,BS1 3AD,,,,DOMESTIC,,,0,NATIONAL,1,0,,0,,BIRMINGHAM,0,1,OVERNIGHT,M,1,,0,,,0,
0x00000000006879BE,134000,Glen John,GLEN JOHN,,30 Cliton Street,,Belfast,Glen John,,,,FOREIGN,SALES,,,0,0,DOMESTIC,,,ENG,0,1M(8D),1.5 DOM.,MD,EXW,DHL,,10000,,GB,,0,0,0,0,1,,0,,00:00.0,0,0,BLUE,,,789456278,1,NATIONAL,NULL,BT13 2AA,Antrim,,,DOMESTIC,,,0,NATIONAL,1,0,,0,,BIRMINGHAM,0,1,OVERNIGHT,M,1,,0,,,0,
0x00000000006879AC,135000,Dennis Bye,DENNIS BYE,,195 London Road,,Sheffield,Dennis Bye,,,,FOREIGN,SALES,,,0,0,DOMESTIC,,,ENG,0,1M(8D),1.5 DOM.,MD,EXW,DHL,,10000,,GB,,0,0,0,0,1,,0,,00:00.0,0,0,GREEN,,,789456278,1,NATIONAL,NULL,S2 4LJ,South Yorkshire,,,DOMESTIC,,,0,NATIONAL,1,0,,0,,BIRMINGHAM,0,1,OVERNIGHT,M,1,,0,,,0,
0x00000000006879A7,136000,Daniel Escapa,DANIEL ESCAPA,,Unit 5,55 Temple Row,Birmingham,Daniel Escapa,,,,FOREIGN,SALES,,,0,0,DOMESTIC,,,ENG,0,1M(8D),1.5 DOM.,MD,EXW,DHL,,10000,,GB,,0,0,0,0,1,,0,,00:00.0,0,0,YELLOW,,,789456278,1,NATIONAL,NULL,B2 5LS,West Midlands,,,DOMESTIC,,,0,NATIONAL,1,0,,0,,BIRMINGHAM,0,1,OVERNIGHT,M,1,,0,,,0,
0x00000000006879EF,137000,Modesto Estrada,MODESTO ESTRADA,,20 Donegall Place,,Belfast,Modesto Estrada,,,,FOREIGN,SALES,,,0,0,DOMESTIC,,,ENG,0,1M(8D),1.5 DOM.,MD,EXW,DHL,,10000,,GB,,0,0,0,0,1,,0,,00:00.0,0,0,BLUE,,,789456278,1,NATIONAL,NULL,BT1 5BA,Antrim,,,DOMESTIC,,,0,NATIONAL,1,0,,0,,BIRMINGHAM,0,1,OVERNIGHT,M,1,,0,,,0,
0x0000000000687A0A,138000,Richard Tupy,RICHARD TUPY,,10 Church St,,Liverpool,Richard Tupy,,,,FOREIGN,SALES,,,0,0,DOMESTIC,,,ENG,0,1M(8D),1.5 DOM.,MD,EXW,DHL,,10000,,GB,,0,0,0,0,1,,0,,00:00.0,0,0,GREEN,,,789456278,1,NATIONAL,NULL,L1 1DA,,,,DOMESTIC,,,0,NATIONAL,1,0,,0,,BIRMINGHAM,0,1,OVERNIGHT,M,1,,0,,,0,
0x00000000006879A0,139000,Brian Smith,BRIAN SMITH,,103 Strathmore House,East Kilbride,Glasgow,Brian Smith,,,,FOREIGN,SALES,,,0,0,DOMESTIC,,,ENG,0,1M(8D),1.5 DOM.,MD,EXW,DHL,,10000,,GB,,0,0,0,0,1,,0,,00:00.0,0,0,BLUE,,,789456278,1,NATIONAL,NULL,G74 1LF,Lanarkshire,,,DOMESTIC,,,0,NATIONAL,1,0,,0,,BIRMINGHAM,0,1,OVERNIGHT,M,1,,0,,,0,
0x00000000006879EB,140000,Mike Gahrns,MIKE GAHRNS,,Silverthorne Lane,,Bristol,Mike Gahrns,,,,FOREIGN,SALES,,,0,0,DOMESTIC,,,ENG,0,1M(8D),1.5 DOM.,MD,EXW,DHL,,10000,,GB,,0,0,0,0,1,,0,,00:00.0,0,0,RED,,,789456278,1,NATIONAL,NULL,BS2 0QJ,Avon,,,DOMESTIC,,,0,NATIONAL,1,0,,0,,BIRMINGHAM,0,1,OVERNIGHT,M,1,,0,,,0,
0x00000000006879E4,141000,Maxim Goldin,MAXIM GOLDIN,,6 New St.,,Birmingham,Maxim Goldin,,,,FOREIGN,SALES,,,0,0,DOMESTIC,,,ENG,0,1M(8D),1.5 DOM.,MD,EXW,DHL,,10000,,GB,,0,0,0,0,1,,0,,00:00.0,0,0,YELLOW,,,789456278,1,NATIONAL,NULL,B2 4RG,West Midlands,,,DOMESTIC,,,0,NATIONAL,1,0,,0,,BIRMINGHAM,0,1,OVERNIGHT,M,1,,0,,,0,
0x0000000000687A18,142000,Tibor Lukács,TIBOR LUK…CS,,779 Atherton Road,,Hindley Green,Tibor Lukács,,,,FOREIGN,SALES,,,0,0,DOMESTIC,,,ENG,0,1M(8D),1.5 DOM.,MD,EXW,DHL,,10000,,GB,,0,0,0,0,1,,0,,00:00.0,0,0,GREEN,,,789456278,1,NATIONAL,NULL,WN2 4SB,Wigan,,,DOMESTIC,,,0,NATIONAL,1,0,,0,,BIRMINGHAM,0,1,OVERNIGHT,M,1,,0,,,0,
0x0000000000687A08,143000,Raffaella Bonaldi,RAFFAELLA BONALDI,,311 Liverpool Road,Eccles,Manchester,Raffaella Bonaldi,,,,FOREIGN,SALES,,,0,0,DOMESTIC,,,ENG,0,1M(8D),1.5 DOM.,MD,EXW,DHL,,10000,,GB,,0,0,0,0,1,,0,,00:00.0,0,0,GREEN,,,789456278,1,NATIONAL,NULL,M30 0QN,,,,DOMESTIC,,,0,NATIONAL,1,0,,0,,BIRMINGHAM,0,1,OVERNIGHT,M,1,,0,,,0,
0x000000000068799F,144000,Balázs Belinszki,BAL…ZS BELINSZKI,,30 St. Enoch Sq,,Glasgow,Balázs Belinszki,,,,FOREIGN,SALES,,,0,0,DOMESTIC,,,ENG,0,1M(8D),1.5 DOM.,MD,EXW,DHL,,10000,,GB,,0,0,0,0,1,,0,,00:00.0,0,0,BLUE,,,789456278,1,NATIONAL,NULL,G1 4DF,,,,DOMESTIC,,,0,NATIONAL,1,0,,0,,BIRMINGHAM,0,1,OVERNIGHT,M,1,,0,,,0,
0x00000000006879AE,145000,Dragan Tomi?,DRAGAN TOMI?,,7 Haymarket,,Norwich,Dragan Tomi?,,,,FOREIGN,SALES,,,0,0,DOMESTIC,,,ENG,0,1M(8D),1.5 DOM.,MD,EXW,DHL,,10000,,GB,,0,0,0,0,1,,0,,00:00.0,0,0,YELLOW,,,789456278,1,NATIONAL,NULL,NR2 1QD,Norfolk,,,DOMESTIC,,,0,NATIONAL,1,0,,0,,BIRMINGHAM,0,1,OVERNIGHT,M,1,,0,,,0,
0x0000000000687999,146000,Aaron M. Painter,AARON M. PAINTER,,9 Saint Mary Street,,Cardiff,Aaron M. Painter,,,,FOREIGN,SALES,,,0,0,DOMESTIC,,,ENG,0,1M(8D),1.5 DOM.,MD,EXW,DHL,,10000,,GB,,0,0,0,0,1,,0,,00:00.0,0,0,RED,,,789456278,1,NATIONAL,NULL,CF10 1TT,South Glamorgan,,,DOMESTIC,,,0,NATIONAL,1,0,,0,,BIRMINGHAM,0,1,OVERNIGHT,M,1,,0,,,0,
0x00000000006879CB,147000,Jenny Liu,JENNY LIU,,Belair Park,1 Gallery Road,London,Jenny Liu,,,,FOREIGN,SALES,,,0,0,DOMESTIC,,,ENG,0,1M(8D),1.5 DOM.,MD,EXW,DHL,,10000,,GB,,0,0,0,0,1,,0,,00:00.0,0,0,YELLOW,,,789456278,1,NATIONAL,NULL,SE21 7AB,,,,DOMESTIC,,,0,NATIONAL,1,0,,0,,BIRMINGHAM,0,1,OVERNIGHT,M,1,,0,,,0,
0x00000000006879AD,148000,Dennis Saylor,DENNIS SAYLOR,,30 Woodhouse Lane,,Leeds,Dennis Saylor,,,,FOREIGN,SALES,,,0,0,DOMESTIC,,,ENG,0,1M(8D),1.5 DOM.,MD,EXW,DHL,,10000,,GB,,0,0,0,0,1,,0,,00:00.0,0,0,GREEN,,,789456278,1,NATIONAL,NULL,LS2 8LX,West Yorkshire,,,DOMESTIC,,,0,NATIONAL,1,0,,0,,BIRMINGHAM,0,1,OVERNIGHT,M,1,,0,,,0,
0x000000000068799C,149000,András Tóth,ANDR…S TÊTH,,Unit 2, Carmel House,49 Fargate,Sheffield,András Tóth,,,FOREIGN,SALES,,,0,0,DOMESTIC,,,ENG,0,1M(8D),1.5 DOM.,MD,EXW,DHL,,10000,,GB,,0,0,0,0,1,,0,,00:00.0,0,0,GREEN,,,789456278,1,NATIONAL,NULL,S1 2HD,South Yorkshire,,,DOMESTIC,,,0,NATIONAL,1,0,,0,,BIRMINGHAM,0,1,OVERNIGHT,M,1,,0,,,0,
0x00000000006879B2,15000,Fabrikam Inc.,FABRIKAM INC.,,10 Dargan Crescent,,,Flemming Pedersen,,,,FOREIGN,SALES,,,0,0,DOMESTIC,,,ENG,0,1M(8D),1.5 DOM.,LM,EXW,DHL,,10000,LARGE ACC,GB,,0,0,0,0,1,,0,,00:00.0,0,0,BLUE,,,789456278,1,NATIONAL,NULL,BT3 9JP,Antrim,,http://www.fabrikam.com/,DOMESTIC,,,0,NATIONAL,1,0,,0,,BIRMINGHAM,0,1,OVERNIGHT,M,1,,0,,,0,
0x00000000006879A5,150000,Cigdem Akin,CIGDEM AKIN,,14 Shandwick Place,,Edinburgh,Cigdem Akin,,,,FOREIGN,SALES,,,0,0,DOMESTIC,,,ENG,0,1M(8D),1.5 DOM.,MD,EXW,DHL,,10000,,GB,,0,0,0,0,1,,0,,00:00.0,0,0,BLUE,,,789456278,1,NATIONAL,NULL,EH2 4RN,Midlothian,,,DOMESTIC,,,0,NATIONAL,1,0,,0,,BIRMINGHAM,0,1,OVERNIGHT,M,1,,0,,,0,
0x00000000006879AF,151000,Eric Gruber,ERIC GRUBER,,190 Whitchurch Road,,Cardiff,Eric Gruber,,,,FOREIGN,SALES,,,0,0,DOMESTIC,,,ENG,0,1M(8D),1.5 DOM.,MD,EXW,DHL,,10000,,GB,,0,0,0,0,1,,0,,00:00.0,0,0,RED,,,789456278,1,NATIONAL,NULL,CF14 3NB,South Glamorgan,,,DOMESTIC,,,0,NATIONAL,1,0,,0,,BIRMINGHAM,0,1,OVERNIGHT,M,1,,0,,,0,
0x00000000006879EA,152000,Michel Pereira,MICHEL PEREIRA,,Sheffield Ski Village,Vale Rd,Sheffield,Michel Pereira,,,,FOREIGN,SALES,,,0,0,DOMESTIC,,,ENG,0,1M(8D),1.5 DOM.,MD,EXW,DHL,,10000,,GB,,0,0,0,0,1,,0,,00:00.0,0,0,GREEN,,,789456278,1,NATIONAL,NULL,S3 9SJ,South Yorkshire,,,DOMESTIC,,,0,NATIONAL,1,0,,0,,BIRMINGHAM,0,1,OVERNIGHT,M,1,,0,,,0,
0x0000000000687A1E,153000,Wendy Richardson,WENDY RICHARDSON,,Unit 1a, Imperial Court,Exchange Street East,Liverpool,Wendy Richardson,,,FOREIGN,SALES,,,0,0,DOMESTIC,,,ENG,0,1M(8D),1.5 DOM.,MD,EXW,DHL,,10000,,GB,,0,0,0,0,1,,0,,00:00.0,0,0,GREEN,,,789456278,1,NATIONAL,NULL,L2 3AB,Merseyside,,,DOMESTIC,,,0,NATIONAL,1,0,,0,,BIRMINGHAM,0,1,OVERNIGHT,M,1,,0,,,0,
0x00000000006879D0,154000,Kálmán Béres,K…LM…N BÉRES,,Sadler Sports Centre,122 Goswell Rd,London,Kálmán Béres,,,,FOREIGN,SALES,,,0,0,DOMESTIC,,,ENG,0,1M(8D),1.5 DOM.,MD,EXW,DHL,,10000,,GB,,0,0,0,0,1,,0,,00:00.0,0,0,YELLOW,,,789456278,1,NATIONAL,NULL,EC1V 7EJ,,,,DOMESTIC,,,0,NATIONAL,1,0,,0,,BIRMINGHAM,0,1,OVERNIGHT,M,1,,0,,,0,
0x0000000000687A1B,155000,Uzi Hefetz,UZI HEFETZ,,1 Guildford Road,,Woking,Uzi Hefetz,,,,FOREIGN,SALES,,,0,0,DOMESTIC,,,ENG,0,1M(8D),1.5 DOM.,MD,EXW,DHL,,10000,,GB,,0,0,0,0,1,,0,,00:00.0,0,0,YELLOW,,,789456278,1,NATIONAL,NULL,GU22 7PX,Surrey,,,DOMESTIC,,,0,NATIONAL,1,0,,0,,BIRMINGHAM,0,1,OVERNIGHT,M,1,,0,,,0,
0x00000000006879E2,156000,Marko Zajc,MARKO ZAJC,,15 Mccombies Court,,Aberdeen,Marko Zajc,,,,FOREIGN,SALES,,,0,0,DOMESTIC,,,ENG,0,1M(8D),1.5 DOM.,MD,EXW,DHL,,10000,,GB,,0,0,0,0,1,,0,,00:00.0,0,0,BLUE,,,789456278,1,NATIONAL,NULL,AB10 1AW,,,,DOMESTIC,,,0,NATIONAL,1,0,,0,,BIRMINGHAM,0,1,OVERNIGHT,M,1,,0,,,0,
0x00000000006879D2,157000,Karim Manar,KARIM MANAR,,148 Garrison Street,,Birmingham,Karim Manar,,,,FOREIGN,SALES,,,0,0,DOMESTIC,,,ENG,0,1M(8D),1.5 DOM.,MD,EXW,DHL,,10000,,GB,,0,0,0,0,1,,0,,00:00.0,0,0,YELLOW,,,789456278,1,NATIONAL,NULL,B9 4BN,West Midlands,,,DOMESTIC,,,0,NATIONAL,1,0,,0,,BIRMINGHAM,0,1,OVERNIGHT,M,1,,0,,,0,
0x00000000006879E0,158000,Makoto Yamagishi,MAKOTO YAMAGISHI,,Swan lane,,Hindley Green,Makoto Yamagishi,,,,FOREIGN,SALES,,,0,0,DOMESTIC,,,ENG,0,1M(8D),1.5 DOM.,MD,EXW,DHL,,10000,,GB,,0,0,0,0,1,,0,,00:00.0,0,0,GREEN,,,789456278,1,NATIONAL,NULL,WN2 4HF,,,,DOMESTIC,,,0,NATIONAL,1,0,,0,,BIRMINGHAM,0,1,OVERNIGHT,M,1,,0,,,0,
0x000000000068799B,159000,Allie Bellew,ALLIE BELLEW,,Aflex Ltd.,52 Church Street,Manchester,Allie Bellew,,,,FOREIGN,SALES,,,0,0,DOMESTIC,,,ENG,0,1M(8D),1.5 DOM.,MD,EXW,DHL,,10000,,GB,,0,0,0,0,1,,0,,00:00.0,0,0,GREEN,,,789456278,1,NATIONAL,NULL,M4 1PW,,,,DOMESTIC,,,0,NATIONAL,1,0,,0,,BIRMINGHAM,0,1,OVERNIGHT,M,1,,0,,,0,
0x0000000000687A1A,160000,Tomas Kutej,TOMAS KUTEJ,,121 Fore Street,,Exeter,Tomas Kutej,,,,FOREIGN,SALES,,,0,0,DOMESTIC,,,ENG,0,1M(8D),1.5 DOM.,MD,EXW,DHL,,10000,,GB,,0,0,0,0,1,,0,,00:00.0,0,0,RED,,,789456278,1,NATIONAL,NULL,EX4 3JQ,Devon,,,DOMESTIC,,,0,NATIONAL,1,0,,0,,BIRMINGHAM,0,1,OVERNIGHT,M,1,,0,,,0,
0x00000000006879D1,161000,Karel Capek,KAREL CAPEK,,Summerhill Industrial Estate,4 Goodman Street,Birmingham,Karel Capek,,,,FOREIGN,SALES,,,0,0,DOMESTIC,,,ENG,0,1M(8D),1.5 DOM.,MD,EXW,DHL,,10000,,GB,,0,0,0,0,1,,0,,00:00.0,0,0,YELLOW,,,789456278,1,NATIONAL,NULL,B1 2SS,West Midlands,,,DOMESTIC,,,0,NATIONAL,1,0,,0,,BIRMINGHAM,0,1,OVERNIGHT,M,1,,0,,,0,
0x00000000006879DA,162000,Luis Sousa,LUIS SOUSA,,267a Antrim Road,,Belfast,Luis Sousa,,,,FOREIGN,SALES,,,0,0,DOMESTIC,,,ENG,0,1M(8D),1.5 DOM.,MD,EXW,DHL,,10000,,GB,,0,0,0,0,1,,0,,00:00.0,0,0,BLUE,,,789456278,1,NATIONAL,NULL,BT15 2GZ,Antrim,,,DOMESTIC,,,0,NATIONAL,1,0,,0,,BIRMINGHAM,0,1,OVERNIGHT,M,1,,0,,,0,
0x000000000068799A,163000,Alan Brewer,ALAN BREWER,,44 Briggate,,Leeds,Alan Brewer,,,,FOREIGN,SALES,,,0,0,DOMESTIC,,,ENG,0,1M(8D),1.5 DOM.,MD,EXW,DHL,,10000,,GB,,0,0,0,0,1,,0,,00:00.0,0,0,GREEN,,,789456278,1,NATIONAL,NULL,LS1 6HD,West Yorkshire,,,DOMESTIC,,,0,NATIONAL,1,0,,0,,BIRMINGHAM,0,1,OVERNIGHT,M,1,,0,,,0,
0x0000000000687A0D,164000,Roman Stachnio,ROMAN STACHNIO,,13 Rockingham Gate,,Sheffield,Roman Stachnio,,,,FOREIGN,SALES,,,0,0,DOMESTIC,,,ENG,0,1M(8D),1.5 DOM.,MD,EXW,DHL,,10000,,GB,,0,0,0,0,1,,0,,00:00.0,0,0,GREEN,,,789456278,1,NATIONAL,NULL,S1 4JD,South Yorkshire,,,DOMESTIC,,,0,NATIONAL,1,0,,0,,BIRMINGHAM,0,1,OVERNIGHT,M,1,,0,,,0,
0x0000000000687A1D,165000,Vikas Jain,VIKAS JAIN,,15 Nelson St.,,Bristol,Vikas Jain,,,,FOREIGN,SALES,,,0,0,DOMESTIC,,,ENG,0,1M(8D),1.5 DOM.,MD,EXW,DHL,,10000,,GB,,0,0,0,0,1,,0,,00:00.0,0,0,RED,,,789456278,1,NATIONAL,NULL,BS1 2JY,Avon,,,DOMESTIC,,,0,NATIONAL,1,0,,0,,BIRMINGHAM,0,1,OVERNIGHT,M,1,,0,,,0,
0x0000000000687A11,166000,Sanjay Patel,SANJAY PATEL,,195 Newfoundland Road,,Bristol,Sanjay Patel,,,,FOREIGN,SALES,,,0,0,DOMESTIC,,,ENG,0,1M(8D),1.5 DOM.,MD,EXW,DHL,,10000,,GB,,0,0,0,0,1,,0,,00:00.0,0,0,RED,,,789456278,1,NATIONAL,NULL,BS2 9NY,Avon,,,DOMESTIC,,,0,NATIONAL,1,0,,0,,BIRMINGHAM,0,1,OVERNIGHT,M,1,,0,,,0,
0x0000000000687A16,167000,Stepan Bechynsky,STEPAN BECHYNSKY,,Emerson Chambers,Blackett Street,Newcastle Upon Tyne,Stepan Bechynsky,,,,FOREIGN,SALES,,,0,0,DOMESTIC,,,ENG,0,1M(8D),1.5 DOM.,MD,EXW,DHL,,10000,,GB,,0,0,0,0,1,,0,,00:00.0,0,0,GREEN,,,789456278,1,NATIONAL,NULL,NE1 7JF,,,,DOMESTIC,,,0,NATIONAL,1,0,,0,,BIRMINGHAM,0,1,OVERNIGHT,M,1,,0,,,0,
0x0000000000687A05,168000,Pedro Chaves Ferreira,PEDRO CHAVES FERREIRA,,1A Bridgewater St.,,Liverpool,Pedro Chaves Ferreira,,,,FOREIGN,SALES,,,0,0,DOMESTIC,,,ENG,0,1M(8D),1.5 DOM.,MD,EXW,DHL,,10000,,GB,,0,0,0,0,1,,0,,00:00.0,0,0,GREEN,,,789456278,1,NATIONAL,NULL,L1 0AR,Merseyside,,,DOMESTIC,,,0,NATIONAL,1,0,,0,,BIRMINGHAM,0,1,OVERNIGHT,M,1,,0,,,0,
0x00000000006879A8,169000,Daniel Weisman,DANIEL WEISMAN,,220 York Street,,Belfast,Daniel Weisman,,,,FOREIGN,SALES,,,0,0,DOMESTIC,,,ENG,0,1M(8D),1.5 DOM.,MD,EXW,DHL,,10000,,GB,,0,0,0,0,1,,0,,00:00.0,0,0,BLUE,,,789456278,1,NATIONAL,NULL,BT15 3GY,,,,DOMESTIC,,,0,NATIONAL,1,0,,0,,BIRMINGHAM,0,1,OVERNIGHT,M,1,,0,,,0,
0x0000000000687A19,170000,Titti Ringstrom,TITTI RINGSTROM,,261 Sauchiehall Street,,Glasgow,Titti Ringstrom,,,,FOREIGN,SALES,,,0,0,DOMESTIC,,,ENG,0,1M(8D),1.5 DOM.,MD,EXW,DHL,,10000,,GB,,0,0,0,0,1,,0,,00:00.0,0,0,BLUE,,,789456278,1,NATIONAL,NULL,G2 3EZ,,,,DOMESTIC,,,0,NATIONAL,1,0,,0,,BIRMINGHAM,0,1,OVERNIGHT,M,1,,0,,,0,
0x00000000006879AB,171000,David So,DAVID SO,,13 Bridge Street,,Northampton,David So,,,,FOREIGN,SALES,,,0,0,DOMESTIC,,,ENG,0,1M(8D),1.5 DOM.,MD,EXW,DHL,,10000,,GB,,0,0,0,0,1,,0,,00:00.0,0,0,YELLOW,,,789456278,1,NATIONAL,NULL,NN1 1NH,Northamptonshire,,,DOMESTIC,,,0,NATIONAL,1,0,,0,,BIRMINGHAM,0,1,OVERNIGHT,M,1,,0,,,0,
0x00000000006879CD,172000,Jim Ptaszynski,JIM PTASZYNSKI,,256 Gray's Inn Road,,City of London,Jim Ptaszynski,,,,FOREIGN,SALES,,,0,0,DOMESTIC,,,ENG,0,1M(8D),1.5 DOM.,MD,EXW,DHL,,10000,,GB,,0,0,0,0,1,,0,,00:00.0,0,0,YELLOW,,,789456278,1,NATIONAL,NULL,WC1X 8LD,,,,DOMESTIC,,,0,NATIONAL,1,0,,0,,BIRMINGHAM,0,1,OVERNIGHT,M,1,,0,,,0,
0x00000000006879F8,20000,Selangorian Ltd.,SELANGORIAN LTD.,,153 Thomas Drive,,Coventry,Mr. Mark McArthur,,,,FOREIGN,SALES,,,0,0,DOMESTIC,,,ENG,0,14 DAYS,1.5 DOM.,PS,EXW,,,20000,RETAIL,GB,,0,0,0,0,1,,0,,00:00.0,1,0,,,,254687456,1,NATIONAL,NULL,CV6 1GY,,selangorian.ltd@cronuscorp.net,,DOMESTIC,,,0,NATIONAL,1,0,,0,,,0,,,N,1,,0,,,0,
0x0000000000687A01,20309920,Metatorad Malaysia Sdn Bhd,METATORAD MALAYSIA SDN BHD,,No 16M Jalan SS22,Damansara Utama,PETALING JAYA, Selangor,Mrs. Azleen Samat,,,FOREIGN,SALES,,,0,0,FOREIGN,MYR,,ENU,0,1M(8D),2.0 FOR.,JR,EXW,,,20309920,,MY,,0,0,0,0,1,,0,,00:00.0,0,0,YELLOW,,,,1,EXPORT,NULL,MY-47400,,metatorad.malaysia.sdn.bhd@cronuscorp.net,,FOREIGN,,,0,EXPORT,1,0,,0,,,0,,,X,1,,0,,,0,
0x00000000006879F7,20312912,Highlights Electronics Sdn Bhd,HIGHLIGHTS ELECTRONICS SDN BHD,,28 Ground Floor, 1 Jalan 3/26,Bandar Baru Sri Petalang,KUALA LUMPUR,Mr. Mark Darrell Boland,,,FOREIGN,SALES,,,0,0,FOREIGN,MYR,,ENU,0,14 DAYS,2.0 FOR.,JR,EXW,,,20312912,RETAIL,MY,,0,0,0,0,1,,0,,00:00.0,0,0,GREEN,,,,1,EXPORT,NULL,MY-57000,,highlights.electronics.sdn.bhd@cronuscorp.net,,FOREIGN,,,0,EXPORT,1,0,,0,,,0,,,X,1,,0,,,0,
0x0000000000687A02,20339921,TraxTonic Sdn Bhd,TRAXTONIC SDN BHD,,Sama Jaya Free Industrial Zone,,KUCHING, Sarawak,Mrs. Rubina Usman,,,FOREIGN,SALES,,,0,0,FOREIGN,MYR,,ENU,0,CM,2.0 FOR.,JR,EXW,,,20339921,LARGE ACC,MY,,0,0,0,0,1,,0,,00:00.0,0,0,YELLOW,,,,1,EXPORT,NULL,MY-93450,,traxtonic.sdn.bhd@cronuscorp.net,,FOREIGN,,,0,EXPORT,1,0,,0,,,0,,,X,1,,0,,,0,
0x00000000006879DE,21233572,Somadis,SOMADIS,,37, Rue El Wahda,,AGDAL-RABAT,M. Syed ABBAS,,,FOREIGN,SALES,,,0,0,FOREIGN,MAD,,,0,1M(8D),2.0 FOR.,JR,EXW,,,21233572,,MO,,0,0,0,0,1,,0,,00:00.0,0,0,YELLOW,,,,1,EXPORT,NULL,MO-10100,,somadis@cronuscorp.net,,FOREIGN,,,0,EXPORT,1,0,,0,,,0,,,X,1,,0,,,0,
0x00000000006879EE,21245278,Maronegoce,MARONEGOCE,,21, Boulevard de la Nation,,CASABLANCA,Mme. Fadoua AIT MOUSSA,,,FOREIGN,SALES,,,0,0,FOREIGN,MAD,,,0,14 DAYS,2.0 FOR.,JR,EXW,,,21245278,RETAIL,MO,,0,0,0,0,1,,0,,00:00.0,0,0,BLUE,,,,1,EXPORT,NULL,MO-20200,,maronegoce@cronuscorp.net,,FOREIGN,,,0,EXPORT,1,0,,0,,,0,,,X,1,,0,,,0,
0x000000000068798F,21252947,ElectroMAROC,ELECTROMAROC,,11, Avenue des FAR,,TEMARA,,,,FOREIGN,SALES,,,0,0,FOREIGN,MAD,,,0,CM,2.0 FOR.,JR,EXW,,,21252947,LARGE ACC,MO,,0,0,0,0,1,,0,,00:00.0,0,0,YELLOW,,,,1,EXPORT,NULL,MO-12000,,electromaroc@cronuscorp.net,,FOREIGN,,,0,EXPORT,1,0,,0,,,0,,,X,1,,0,,,0,
0x00000000006879A3,25000,Litware, Inc.,LITWARE, INC.,,13 Landau Way,Darent Industrial Park,Erith,Chris Johnson,,FOREIGN,SALES,,,0,0,DOMESTIC,,,ENG,0,1M(8D),1.5 DOM.,PS,EXW,DHL,,10000,LARGE ACC,GB,,0,0,0,0,1,,0,,00:00.0,0,0,YELLOW,,,789456278,1,NATIONAL,NULL,DA8 2LF,Kent,,http://www.litwareinc.com/,DOMESTIC,,,0,NATIONAL,1,0,,0,,BIRMINGHAM,0,1,OVERNIGHT,M,1,,0,,,0,
0x00000000006879F1,27090917,Zanlan Corp.,ZANLAN CORP.,,2 Beta Street,,Carletonville,Mr. Derik Stenerson,,,,FOREIGN,SALES,,,0,0,FOREIGN,ZAR,,ENU,0,1M(8D),2.0 FOR.,JR,EXW,,,27090917,,ZA,,0,0,0,0,1,,0,,00:00.0,0,0,YELLOW,,,,1,EXPORT,NULL,ZA-2500,,zanlan.corp@cronuscorp.net,,FOREIGN,,,0,EXPORT,1,0,,0,,,0,,,X,1,,0,,,0,
0x00000000006879FB,27321782,Karoo Supermarkets,KAROO SUPERMARKETS,,38 Voortrekker Street,,Bloemfontein,Mr. Pieter Wycoff,,,,FOREIGN,SALES,,,0,0,FOREIGN,ZAR,,ENU,0,14 DAYS,2.0 FOR.,JR,EXW,,,27321782,RETAIL,ZA,,0,0,0,0,1,,0,,00:00.0,0,0,YELLOW,,,,1,EXPORT,NULL,ZA-9300,,karoo.supermarkets@cronuscorp.net,,FOREIGN,,,0,EXPORT,1,0,,0,,,0,,,X,1,,0,,,0,
0x00000000006879F2,27489991,Durbandit Fruit Exporters,DURBANDIT FRUIT EXPORTERS,,100 St. George's Mall,Westmead,Durban,Mr. Eric Lang,,,,FOREIGN,SALES,,,0,0,FOREIGN,ZAR,,ENU,0,CM,2.0 FOR.,JR,EXW,,,27489991,LARGE ACC,ZA,,0,0,0,0,1,,0,,00:00.0,0,0,YELLOW,,,,1,EXPORT,NULL,ZA-3600,,durbandit.fruit.exporters@cronuscorp.net,,FOREIGN,,,0,EXPORT,1,0,,0,,,0,,,X,1,,0,,,0,
0x00000000006879ED,30000,John Haddock Insurance Co.,JOHN HADDOCK INSURANCE CO.,,10 High Tower Green,,Manchester,Miss Patricia Doyle,,,,FOREIGN,SALES,,,0,0,DOMESTIC,,,ENG,0,CM,1.5 DOM.,PS,EXW,,,30000,LARGE ACC,GB,,0,0,0,0,1,,0,,00:00.0,0,0,,,,533435789,1,NATIONAL,NULL,MO2 4RT,,john.haddock.insurance.co@cronuscorp.net,,DOMESTIC,,,0,NATIONAL,1,0,,0,,,0,,,N,1,,0,,,0,
0x00000000006879E3,31505050,Woonboulevard Kuitenbrouwer,WOONBOULEVARD KUITENBROUWER,,Industrieweg 11,,Zutphen,Maryann Barber,,,,FOREIGN,SALES,,,0,0,EU,EUR,,NLD,0,1M(8D),2.0 FOR.,JR,EXW,,,31505050,,NL,,0,0,0,0,1,,0,,00:00.0,0,0,YELLOW,,,159753258B46,1,EU,NULL,NL-7202 BP,,woonboulevard.kuitenbrouwer@cronuscorp.net,,FOREIGN,,,0,EU,1,0,,0,,,0,,,X,1,,0,,,0,
0x00000000006879E6,31669966,Meersen Meubelen,MEERSEN MEUBELEN,,Vijfpoortenweg 71,,Arnhem,Michael Vanderhyde,,,,FOREIGN,SALES,,,0,0,EU,EUR,,NLD,0,14 DAYS,2.0 FOR.,JR,EXW,,,31669966,RETAIL,NL,,0,0,0,0,1,,0,,00:00.0,0,0,YELLOW,,,852122584B75,1,EU,NULL,NL-6827 BP,,meersen.meubelen@cronuscorp.net,,FOREIGN,,,0,EU,1,0,,0,,,0,,,X,1,,0,,,0,
0x0000000000687A0B,31987987,Candoxy Nederland BV,CANDOXY NEDERLAND BV,,Westzijdewal 123,,Amsterdam,Rob Verhoff,,,,FOREIGN,SALES,,,0,0,EU,EUR,,NLD,0,CM,2.0 FOR.,JR,EXW,,,31987987,LARGE ACC,NL,,0,0,0,0,1,,0,,00:00.0,0,0,YELLOW,,,456124966B25,1,EU,NULL,NL-1009 AG,,candoxy.nederland.bv@cronuscorp.net,,FOREIGN,,,0,EU,1,0,,0,,,0,,,X,1,,0,,,0,
0x00000000006879D6,32124578,Nieuwe Zandpoort NV,NIEUWE ZANDPOORT NV,,Nieuwstraat 28,,Herentals,Kevin Verboort,,,,FOREIGN,SALES,,,0,0,EU,EUR,,NLB,0,1M(8D),2.0 FOR.,JR,EXW,,,32124578,,BE,,0,0,0,0,1,,0,,00:00.0,0,0,YELLOW,,,456456456,1,EU,NULL,BE-2200,,nieuwe.zandpoort.nv@cronuscorp.net,,FOREIGN,,,0,EU,1,0,,0,,,0,,,X,1,,0,,,0,
0x00000000006879E7,32656565,Antarcticopy,ANTARCTICOPY,,Katwilgweg 274,,Antwerpen,Michael Zeman,,,,FOREIGN,SALES,,,0,2670.33,EU,EUR,,NLB,0,14 DAYS,2.0 FOR.,JR,EXW,,,32656565,RETAIL,BE,,0,0,0,0,1,,0,,00:00.0,0,0,YELLOW,,,778998789,1,EU,NULL,BE-2050,,antarcticopy@cronuscorp.net,,FOREIGN,,,0,EU,1,0,,0,,,0,,,X,1,,0,,,0,
0x00000000006879C0,32789456,Lovaina Contractors,LOVAINA CONTRACTORS,,Vuurberg 137,,Leuven,Hans Visser,,,,FOREIGN,SALES,,,0,0,EU,EUR,,NLB,0,CM,2.0 FOR.,JR,EXW,,,32789456,LARGE ACC,BE,,0,0,0,0,1,,0,,00:00.0,0,0,YELLOW,,,456123456,1,EU,NULL,BE-3000,,lovaina.contractors@cronuscorp.net,,FOREIGN,,,0,EU,1,0,,0,,,0,,,X,1,,0,,,0,
0x00000000006879DB,33000019,Francematic,FRANCEMATIC,,19 Boulevard Commanderie,,PLAISIR,M. Herve BOURAIMA,,,,FOREIGN,SALES,,,0,0,EU,EUR,,FRA,0,1M(8D),2.0 FOR.,JR,EXW,,,33000019,,FR,,0,0,0,0,1,,0,,00:00.0,0,0,WHITE,,,,1,EU,NULL,FR-78370,,francematic@cronuscorp.net,,FOREIGN,,,0,EU,1,0,,0,,,0,,,X,1,,0,,,0,
0x00000000006879DC,33002984,Parmentier Boutique,PARMENTIER BOUTIQUE,,34 Avenue Parmentier,,PARIS,M. Jean E. TRENARY,,,,FOREIGN,SALES,,,0,0,EU,EUR,,FRA,0,14 DAYS,2.0 FOR.,JR,EXW,,,33002984,RETAIL,FR,,0,0,0,0,1,,0,,00:00.0,0,0,,,,,1,EU,NULL,FR-75000,,parmentier.boutique@cronuscorp.net,,FOREIGN,,,0,EU,1,0,,0,,,0,,,X,1,,0,,,0,
0x00000000006879DD,33022842,Livre Importants,LIVRE IMPORTANTS,,46 Rue Orteaux,,ESBLY,M. Lionel PENUCHOT,,,,FOREIGN,SALES,,,0,0,EU,EUR,,FRA,0,CM,2.0 FOR.,JR,EXW,,,33022842,LARGE ACC,FR,,0,0,0,0,1,,0,,00:00.0,0,0,YELLOW,,,,1,EU,NULL,FR-77450,,livre.importants@cronuscorp.net,,FOREIGN,,,0,EU,1,0,,0,,,0,,,X,1,,0,,,0,
0x0000000000687A13,34010100,Libros S.A.,LIBROS S.A.,,Plaza Redonda 12,,Barcelona,Sr. Oscar Alfonso Caceres,,,,FOREIGN,SALES,,,0,0,EU,EUR,,ESP,0,14 DAYS,2.0 FOR.,JR,EXW,,,34010100,RETAIL,ES,,0,0,0,0,1,,0,,00:00.0,0,0,BLUE,,,08208612T,1,EU,NULL,ES-08010,,libros.sa@cronuscorp.net,,FOREIGN,,,0,EU,1,0,,0,,,0,,,X,1,,0,,,0,
0x0000000000687A15,34010199,Corporación Beta,CORPORACIÊN BETA,,Avda. Europa 2,,Valencia,Srta. Vanessa Garcia Garcia,,,,FOREIGN,SALES,,,0,0,EU,EUR,,ESP,0,1M(8D),2.0 FOR.,JR,EXW,,,34010199,,ES,,0,0,0,0,1,,0,,00:00.0,0,0,BLUE,,,46145456T,1,EU,NULL,ES-46007,,corporacion.beta@cronuscorp.net,,FOREIGN,,,0,EU,1,0,,0,,,0,,,X,1,,0,,,0,
0x0000000000687A14,34010602,Helguera industrial,HELGUERA INDUSTRIAL,,c/ Paz 5,,Madrid,Sr. Ramon Garcia Noblejas,,,,FOREIGN,SALES,,,0,0,EU,EUR,,ESP,0,1M(8D),2.0 FOR.,JR,EXW,,,34010602,LARGE ACC,ES,,0,0,0,0,1,,0,,00:00.0,0,0,RED,,,28012001T,1,EU,NULL,ES-28003,,helguera.industrial@cronuscorp.net,,FOREIGN,,,0,EU,1,0,,0,,,0,,,X,1,,0,,,0,
0x000000000068799D,35000,Northwind Traders,NORTHWIND TRADERS,,York Rd,Bedminster,Bristol,Andrew Dixon,,,,FOREIGN,SALES,,,0,0,DOMESTIC,,,ENG,0,1M(8D),1.5 DOM.,DC,EXW,DHL,,10000,RETAIL,GB,,0,0,0,0,1,,0,,00:00.0,0,0,RED,,,789456278,1,NATIONAL,NULL,BS3 4AD,City of Bristol,,http://www.northwindtraders.com/,DOMESTIC,,,0,NATIONAL,1,0,,0,,BIRMINGHAM,0,1,OVERNIGHT,M,1,,0,,,0,
0x00000000006879D7,35122112,Bilabankinn,BILABANKINN,,Skemmuvegur 4,,Kopavogur,Kristjan Thor Arnason,,,,FOREIGN,SALES,,,0,0,FOREIGN,ISK,,ISL,0,1M(8D),2.0 FOR.,JR,EXW,,,35122112,,IS,,0,0,0,0,1,,0,,00:00.0,0,0,YELLOW,,,,1,EXPORT,NULL,IS-200,,bilabankinn@cronuscorp.net,,FOREIGN,,,0,EXPORT,1,0,,0,,,0,,,X,1,,0,,,0,
0x0000000000687A09,35451236,Gagn & Gaman,GAGN & GAMAN,,Reykjavikurvegi 66,,Hafnafjordur,Ragnheidur K. Gudmundsdottir,,,,FOREIGN,SALES,,,0,780.39,FOREIGN,ISK,,ISL,0,14 DAYS,2.0 FOR.,JR,EXW,,,35451236,RETAIL,IS,,0,0,0,0,1,,0,,00:00.0,0,0,YELLOW,,,,1,EXPORT,NULL,IS-220,,gagn.gaman@cronuscorp.net,,FOREIGN,,,0,EXPORT,1,0,,0,,,0,,,X,1,,0,,,0,
0x00000000006879BF,35963852,Heimilisprydi,HEIMILISPRYDI,,Hallarmula,,Reykjavik,Gunnar Orn Thorsteinsson,,,,FOREIGN,SALES,,,0,0,FOREIGN,ISK,,ISL,0,CM,2.0 FOR.,JR,EXW,,,35963852,LARGE ACC,IS,,0,0,0,0,1,,0,,00:00.0,0,0,YELLOW,,,,1,EXPORT,NULL,IS-108,,heimilisprydi@cronuscorp.net,,FOREIGN,,,0,EXPORT,1,0,,0,,,0,,,X,1,,0,,,0,
0x00000000006879BA,38128456,MEMA Ljubljana d.o.o.,MEMA LJUBLJANA D.O.O.,,Slovenska ccsta 127,,Ljubljana,g. Bostjan Lukan,,,,FOREIGN,SALES,,,0,0,EU,SIT,,SLV,0,1M(8D),2.0 FOR.,JR,EXW,,,38128456,,SI,,0,0,0,0,1,,0,,00:00.0,0,0,RED,,,,1,EU,NULL,SI-1000,,mema.ljubljana.doo@cronuscorp.net,,FOREIGN,,,0,EU,1,0,,0,,,0,,,X,1,,0,,,0,
0x00000000006879BB,38546552,EXPORTLES d.o.o.,EXPORTLES D.O.O.,,Zvornarska ulica 5,,Ljubljana,ga. Katja Valjavec,,,,FOREIGN,SALES,,,0,0,EU,SIT,,SLV,0,14 DAYS,2.0 FOR.,JR,EXW,,,38546552,RETAIL,SI,,0,0,0,0,1,,0,,00:00.0,0,0,RED,,,,1,EU,NULL,SI-1000,,exportles.doo@cronuscorp.net,,FOREIGN,,,0,EU,1,0,,0,,,0,,,X,1,,0,,,0,
0x00000000006879BC,38632147,Centromerkur d.o.o.,CENTROMERKUR D.O.O.,,Tabor 23,,Maribor,ga. Renata Lavtar,,,,FOREIGN,SALES,,,0,0,EU,SIT,,SLV,0,CM,2.0 FOR.,JR,EXW,,,38632147,LARGE ACC,SI,,0,0,0,0,1,,0,,00:00.0,0,0,RED,,,,1,EU,NULL,SI-2000,,centromerkur.doo@cronuscorp.net,,FOREIGN,,,0,EU,1,0,,0,,,0,,,X,1,,0,,,0,
0x00000000006879F6,40000,Deerfield Graphics Company,DEERFIELD GRAPHICS COMPANY,,10 Deerfield Road,,Gloucester,Mr. Kevin Wright,,,,FOREIGN,SALES,,,0,0,DOMESTIC,,,ENG,0,1M(8D),1.5 DOM.,PS,EXW,,,40000,,GB,,0,0,0,0,1,,0,,00:00.0,0,0,YELLOW,,,733495789,1,NATIONAL,NULL,GL1 9HM,,deerfield.graphics.company@cronuscorp.net,,DOMESTIC,,,0,NATIONAL,1,0,,0,,,0,,,W,1,,0,,,0,
0x00000000006879B4,41231215,Sonnmatt Design,SONNMATT DESIGN,,Sonnmattstrasse 5,,Glattbrugg,Fr. Annelie Zuber,,,,FOREIGN,SALES,,,0,0,FOREIGN,CHF,,DES,0,CM,2.0 FOR.,JR,EXW,,,41231215,LARGE ACC,CH,,0,0,0,0,1,,0,,00:00.0,0,0,RED,,,121 411,1,EXPORT,NULL,CH-8152,,sonnmatt.design@cronuscorp.net,,FOREIGN,,,0,EXPORT,1,0,,0,,,0,,,X,1,,0,,,0,
0x00000000006879B6,41497647,Pilatus AG,PILATUS AG,,Bergstrasse 12,,Luzern,Fr. Gabriele Dickmann,,,,FOREIGN,SALES,,,0,0,FOREIGN,CHF,,DES,0,14 DAYS,2.0 FOR.,JR,EXW,,,41497647,RETAIL,CH,,0,0,0,0,1,,0,,00:00.0,0,0,BLUE,,,208 612,1,EXPORT,NULL,CH-6005,,pilatus.ag@cronuscorp.net,,FOREIGN,,,0,EXPORT,1,0,,0,,,0,,,X,1,,0,,,0,
0x00000000006879C2,41597832,Möbel Scherrer AG,MÖBEL SCHERRER AG,,Rheinstrasse 2,,Schaffhausen,Herrn Stefan Delmarco,,,,FOREIGN,SALES,,,0,0,FOREIGN,CHF,,DES,0,1M(8D),2.0 FOR.,JR,EXW,,,41597832,,CH,,0,0,0,0,1,,0,,00:00.0,0,0,BLUE,,,145 456,1,EXPORT,NULL,CH-8200,,mobel.scherrer.ag@cronuscorp.net,,FOREIGN,,,0,EXPORT,1,0,,0,,,0,,,X,1,,0,,,0,
0x00000000006879EC,42147258,BYT-KOMPLET s.r.o.,BYT-KOMPLET S.R.O.,,V.Nezvala 5,,Bojkovice,Milos Silhan,,,,FOREIGN,SALES,,,0,0,EU,CZK,,CSY,0,1M(8D),2.0 FOR.,JR,EXW,,,42147258,,CZ,,0,0,0,0,1,,0,,00:00.0,0,0,RED,,,,1,EU,NULL,CZ-687 01,,byt-komplet.sro@cronuscorp.net,,FOREIGN,,,0,EU,1,0,,0,,,0,,,X,1,,0,,,0,
0x0000000000687A06,42258258,J & V v.o.s.,J & V V.O.S.,,Fillova 128,,Vracov,Petr Karasek,,,,FOREIGN,SALES,,,0,0,EU,CZK,,CSY,0,14 DAYS,2.0 FOR.,JR,EXW,,,42258258,RETAIL,CZ,,0,0,0,0,1,,0,,00:00.0,0,0,RED,,,,1,EU,NULL,CZ-696 42,,j.v.vos@cronuscorp.net,,FOREIGN,,,0,EU,1,0,,0,,,0,,,X,1,,0,,,0,
0x00000000006879E9,42369147,PLECHKONSTRUKT a.s.,PLECHKONSTRUKT A.S.,,Loosova 14,,Znojmo,Michal Relich,,,,FOREIGN,SALES,,,0,0,EU,CZK,,CSY,0,CM,2.0 FOR.,JR,EXW,,,42369147,LARGE ACC,CZ,,0,0,0,0,1,,0,,00:00.0,0,0,RED,,,,1,EU,NULL,CZ-669 02,,plechkonstrukt.as@cronuscorp.net,,FOREIGN,,,0,EU,1,0,,0,,,0,,,X,1,,0,,,0,
0x00000000006879B5,43687129,Designstudio Gmunden,DESIGNSTUDIO GMUNDEN,,Seepromenade 1b,,Gmunden,Fr. Birgitte Vestphael,,,,FOREIGN,SALES,,,0,0,EU,EUR,,DEA,0,1M(8D),2.0 FOR.,JR,EXW,,,43687129,,AT,,0,0,0,0,1,,0,,00:00.0,0,0,RED,,,ATU89759098,1,EU,NULL,AT-4810,,designstudio.gmunden@cronuscorp.net,,FOREIGN,,,0,EU,1,0,,0,,,0,,,X,1,,0,,,0,
0x00000000006879C4,43852147,Michael Feit - Möbelhaus,MICHAEL FEIT - MÖBELHAUS,,Straße 33, Obj. 11,,Wr. Neudorf,Hr. Carl Langhorn,,,FOREIGN,SALES,,,0,0,EU,EUR,,DEA,0,14 DAYS,2.0 FOR.,JR,EXW,,,43852147,RETAIL,AT,,0,0,0,0,1,,0,,00:00.0,0,0,RED,,,ATU72660458,1,EU,NULL,AT-2355,,michael.feit.mobelhaus@cronuscorp.net,,FOREIGN,,,0,EU,1,0,,0,,,0,,,X,1,,0,,,0,
0x00000000006879C5,43871144,Möbel Siegfried,MÖBEL SIEGFRIED,,Raxstraße 47,,Wien,Hr. Dr. Daniel Weisman,,,,FOREIGN,SALES,,,0,0,EU,EUR,,DEA,0,CM,2.0 FOR.,JR,EXW,,,43871144,LARGE ACC,AT,,0,0,0,0,1,,0,,00:00.0,0,0,RED,,,ATU12456832,1,EU,NULL,AT-1100,,mobel.siegfried@cronuscorp.net,,FOREIGN,,,0,EU,1,0,,0,,,0,,,X,1,,0,,,0,
0x00000000006879F3,44171511,Zuni Home Crafts Ltd.,ZUNI HOME CRAFTS LTD.,,456 Main Street,,Dudley,Mr. James R. Hamilton,,,,FOREIGN,SALES,,,0,0,DOMESTIC,,,ENG,0,14 DAYS,1.5 DOM.,PS,EXW,,,44171511,RETAIL,GB,,0,0,0,0,1,,0,,00:00.0,0,0,BLUE,,,879132357,1,NATIONAL,NULL,DY5 4DJ,,zuni.home.crafts.ltd@cronuscorp.net,,DOMESTIC,,,0,NATIONAL,1,0,,0,,,0,,,,1,,0,,,0,
0x00000000006879FF,44180220,Afrifield Corporation,AFRIFIELD CORPORATION,,100 Maidstone Ave.,,Maidstone,Mrs. Ariane Peeters,,,,FOREIGN,SALES,,,0,0,DOMESTIC,,,ENG,0,1M(8D),1.5 DOM.,PS,EXW,,,44180220,,GB,,0,0,0,0,1,,0,,00:00.0,0,0,BLUE,,,609458790,1,NATIONAL,NULL,ME5 6RL,,afrifield.corporation@cronuscorp.net,,DOMESTIC,,,0,NATIONAL,1,0,,0,,,0,,,,1,,0,,,0,
0x00000000006879F9,44756404,London Light Company,LONDON LIGHT COMPANY,,235 Peachtree Street,,Cambridge,Mr. Mathew Charles,,,,FOREIGN,SALES,,,0,0,DOMESTIC,,,ENG,0,CM,1.5 DOM.,PS,EXW,,,44756404,LARGE ACC,GB,,0,0,0,0,1,,0,,00:00.0,0,0,BLUE,,,748863386,1,NATIONAL,NULL,PE17 4RN,,london.light.company@cronuscorp.net,,DOMESTIC,,,0,NATIONAL,1,0,,0,,,0,,,,1,,0,,,0,
0x00000000006879CA,45000,A. Datum Corporation,A. DATUM CORPORATION,,Unit 6 Queenslie Point,Queeslie Ind Estate,Glasgow,Jay Hamlin,,,,FOREIGN,SALES,,,0,0,DOMESTIC,,,ENG,0,1M(8D),1.5 DOM.,RL,EXW,DHL,,10000,LARGE ACC,GB,,0,0,0,0,1,,0,,00:00.0,0,0,BLUE,,,789456278,1,NATIONAL,NULL,G33 3NQ,,,http://www.adatum.com/,DOMESTIC,,,0,NATIONAL,1,0,,0,,BIRMINGHAM,0,1,OVERNIGHT,M,1,,0,,,0,
0x00000000006879C6,45282828,Candoxy Kontor A/S,CANDOXY KONTOR A/S,,Carl Blochs Gade 7,,AArhus C,Hr. Jonathan Mollerup,,,,FOREIGN,SALES,,,0,0,EU,DKK,,DAN,0,1M(8D),2.0 FOR.,JR,EXW,,,45282828,,DK,,0,0,0,0,1,,0,,00:00.0,0,0,YELLOW,,,78945612,1,EU,NULL,DK-8000,,candoxy.kontor.as@cronuscorp.net,,FOREIGN,,,0,EU,1,0,,0,,,0,,,X,1,,0,,,0,
0x00000000006879C3,45282829,Carl Anthony,CARL ANTHONY,,De Mezas Plads 917B,,AArhus C,Hr. Carl Anthony,,,,FOREIGN,SALES,,,0,0,EU,DKK,,DAN,0,14 DAYS,2.0 FOR.,JR,EXW,,,45282829,RETAIL,DK,,0,0,0,0,1,,0,,00:00.0,0,0,YELLOW,,,44495666,1,EU,NULL,DK-8000,,carl.anthony@cronuscorp.net,,FOREIGN,,,0,EU,1,0,,0,,,0,,,X,1,,0,,,0,
0x00000000006879B8,45779977,Ravel M¢bler,RAVEL M¥BLER,,Parkvej 44,,Nyborg,Fr. Karen Berg,,,,FOREIGN,SALES,,,0,0,EU,DKK,,DAN,0,CM,2.0 FOR.,JR,EXW,,,45779977,LARGE ACC,DK,,0,0,0,0,1,,0,,00:00.0,0,0,YELLOW,,,12345679,1,EU,NULL,DK-5800,,ravel.mobler@cronuscorp.net,,FOREIGN,,,0,EU,1,0,,0,,,0,,,X,1,,0,,,0,
0x00000000006879B7,45979797,Lauritzen Kontorm¢bler A/S,LAURITZEN KONTORM¥BLER A/S,,Jomfru Ane Gade 56,,Ålborg,Fr. Jenny Gottfried,,,,FOREIGN,SALES,,,0,0,EU,DKK,,DAN,0,1M(8D),2.0 FOR.,JR,EXW,,,45979797,,DK,,0,0,0,0,1,,0,,00:00.0,0,0,YELLOW,,,63254178,1,EU,NULL,DK-9000,,lauritzen.kontormobler.as@cronuscorp.net,,FOREIGN,,,0,EU,1,0,,0,,,0,,,X,1,,0,,,0,
0x0000000000687990,46251425,Marsholm Karmstol,MARSHOLM KARMSTOL,,Tylö Fackhandel,,Halmstad,,,,,FOREIGN,SALES,,,0,0,EU,SEK,,SVE,0,1M(8D),2.0 FOR.,JR,EXW,,,46251425,,SE,,0,0,0,0,1,,0,,00:00.0,0,0,YELLOW,,,1.00E+12,1,EU,NULL,SE-302 50,,marsholm.karmstol@cronuscorp.net,,FOREIGN,,,0,EU,1,0,,0,,,0,,,X,1,,0,,,0,
0x0000000000687991,46525241,Konberg Tapet AB,KONBERG TAPET AB,,Linnégatan 15,,Jönköbing,,,,,FOREIGN,SALES,,,0,0,EU,SEK,,SVE,0,14 DAYS,2.0 FOR.,JR,EXW,,,46525241,RETAIL,SE,,0,0,0,0,1,,0,,00:00.0,0,0,YELLOW,,,8.89E+11,1,EU,NULL,SE-550 05,,konberg.tapet.ab@cronuscorp.net,,FOREIGN,,,0,EU,1,0,,0,,,0,,,X,1,,0,,,0,
0x0000000000687992,46897889,Englunds Kontorsmöbler AB,ENGLUNDS KONTORSMÖBLER AB,,Kungsgatan 18,,Norrköbing,,,,,FOREIGN,SALES,,,0,0,EU,SEK,,SVE,0,CM,2.0 FOR.,JR,EXW,,,46897889,LARGE ACC,SE,,0,0,0,0,1,,0,,00:00.0,0,0,YELLOW,,,7.78E+11,1,EU,NULL,SE-600 03,,englunds.kontorsmobler.ab@cronuscorp.net,,FOREIGN,,,0,EU,1,0,,0,,,0,,,X,1,,0,,,0,
0x00000000006879CC,47523687,Slubrevik Senger AS,SLUBREVIK SENGER AS,,Storgt. 5,,Asker,Jenny Lysaker,,,,FOREIGN,SALES,,,0,0,FOREIGN,NOK,,NOR,0,1M(8D),2.0 FOR.,JR,EXW,,,47523687,,NO,,0,0,0,0,1,,0,,00:00.0,0,0,YELLOW,,,,1,EXPORT,NULL,NO-1370,,slubrevik.senger.as@cronuscorp.net,,FOREIGN,,,0,EXPORT,1,0,,0,,,0,,,X,1,,0,,,0,
0x0000000000687A17,47563218,Klubben,KLUBBEN,,Skogveien 3,,Haslum,Thomas Andersen,,,,FOREIGN,SALES,,,0,0,FOREIGN,NOK,,NOR,0,14 DAYS,2.0 FOR.,JR,EXW,,,47563218,RETAIL,NO,,0,0,0,0,1,,0,,00:00.0,0,0,YELLOW,,,,1,EXPORT,NULL,NO-1344,,klubben@cronuscorp.net,,FOREIGN,,,0,EXPORT,1,0,,0,,,0,,,X,1,,0,,,0,
0x00000000006879B3,47586954,Sj¢boden,SJ¥BODEN,,Ytre Sandgt. 13,,Sandvika,Flemming Pedersen,,,,FOREIGN,SALES,,,0,0,FOREIGN,NOK,,NOR,0,CM,2.0 FOR.,JR,EXW,,,47586954,LARGE ACC,NO,,0,0,0,0,1,,0,,00:00.0,0,0,YELLOW,,,,1,EXPORT,NULL,NO-1300,,sjoboden@cronuscorp.net,,FOREIGN,,,0,EXPORT,1,0,,0,,,0,,,X,1,,0,,,0,
0x00000000006879B9,49525252,Beef House,BEEF HOUSE,,Südermarkt 6,,Düsseldorf,Frau Karin Fleischer,,,,FOREIGN,SALES,,,0,0,EU,EUR,,DEU,0,1M(8D),2.0 FOR.,JR,EXW,DHL,,49525252,,DE,,0,0,0,0,1,,0,,00:00.0,0,0,GREEN,,,632541794,1,EU,NULL,DE-40593,,beef.house@cronuscorp.net,,FOREIGN,,,0,EU,1,0,,0,,,0,1,OVERNIGHT,X,1,,0,,,0,
0x0000000000687993,49633663,Autohaus Mielberg KG,AUTOHAUS MIELBERG KG,,Porschestraße 911,,Hamburg 36,,,,,FOREIGN,SALES,,,0,0,EU,EUR,,DEU,0,14 DAYS,2.0 FOR.,JR,EXW,FEDEX,,A,RETAIL,DE,,0,0,0,0,1,,0,,00:00.0,0,0,GREEN,,,525252141,1,EU,NULL,DE-22417,,autohaus.mielberg.kg@cronuscorp.net,,FOREIGN,,,0,EU,1,0,,0,,,0,1,NEXT DAY,X,1,,0,,,0,
0x00000000006879C1,49858585,Hotel Pferdesee,HOTEL PFERDESEE,,Plett Straße 187,,Frankfurt/Main,Herrn Jonathan Haas,,,,FOREIGN,SALES,,,0,0,EU,EUR,,DEU,0,1M(8D),2.0 FOR.,JR,EXW,,,49858585,LARGE ACC,DE,,0,0,0,0,1,,0,,00:00.0,0,0,GREEN,,,963963963,1,EU,NULL,DE-60320,,hotel.pferdesee@cronuscorp.net,,FOREIGN,,,0,EU,1,0,,0,,,0,5,,X,1,,0,,,0,
0x00000000006879F4,50000,Guildford Water Department,GUILDFORD WATER DEPARTMENT,,25 Water Way,,Guildford,Mr. Jim Stewart,,,,FOREIGN,SALES,,,0,0,DOMESTIC,,,ENG,0,14 DAYS,1.5 DOM.,PS,EXW,DHL,,50000,RETAIL,GB,,0,0,0,0,1,,0,,00:00.0,0,0,,,,582048936,1,NATIONAL,NULL,GU7 5GT,,guildford.water.department@cronuscorp.net,,DOMESTIC,,,0,NATIONAL,1,0,,0,,LONDON,0,2,STANDARD,SE,1,,0,,,0,
0x0000000000687994,60000,Blanemark Hifi Shop,BLANEMARK HIFI SHOP,,28 Baker Street,,London,,,,,,,,,0,0,DOMESTIC,,,,0,1M(8D),1.5 DOM.,JR,EXW,DHL,,60000,,GB,,0,0,0,0,0,,0,,00:00.0,0,0,WHITE,,,,1,NATIONAL,NULL,W1 3AL,,,,DOMESTIC,,,0,NATIONAL,1,0,,0,,LONDON,0,,,,1,,0,,,0,
0x0000000000687995,61000,Fairway Sound,FAIRWAY SOUND,,159 Fairway,,London,,,,,,,,,0,0,DOMESTIC,,,,0,1M(8D),1.5 DOM.,PS,EXW,FEDEX,,61000,,GB,,0,0,0,0,0,,0,,00:00.0,0,0,WHITE,,,,1,NATIONAL,NULL,W2 8HG,,,,DOMESTIC,,,0,NATIONAL,1,0,,0,,LONDON,1,,,,1,,0,,,0,
0x0000000000687996,62000,The Device Shop,THE DEVICE SHOP,,273 Basin Street,,London,,,,,,,,,0,0,DOMESTIC,,,,0,14 DAYS,1.5 DOM.,PS,EXW,UPS,,62000,,GB,,0,0,0,0,0,,0,,00:00.0,0,0,WHITE,,,,1,NATIONAL,NULL,N16 34Z,,,,DOMESTIC,,,0,NATIONAL,1,0,,0,,LONDON,0,,,,1,,0,,,0,
0x0000000000687997,IC1020,Cronus Cardoxy Sales,CRONUS CARDOXY SALES,,Ligeudvej 24,,K¢benhavn ¥,,,,,FOREIGN,SALES,,,0,0,EU,DKK,,DAN,0,1M(8D),2.0 FOR.,JR,EXW,,,IC1020,,DK,,0,0,0,0,1,,0,,00:00.0,0,0,,,,34192020,1,EU,NULL,DK-2100,,cronus.cardoxy.sales@cronuscorp.net,,FOREIGN,,,0,EU,1,0,ICP20,0,,,0,,,X,1,,0,,,0,
0x0000000000687998,IC1030,Cronus Cardoxy Procurement,CRONUS CARDOXY PROCUREMENT,,Geradeausweg 77,,Hamburg,,,,,FOREIGN,SALES,,,0,0,EU,EUR,,DEU,0,1M(8D),2.0 FOR.,JR,EXW,,,IC1030,,DE,,0,0,0,0,1,,0,,00:00.0,0,0,,,,111111111,1,EU,NULL,DE-20097,,cronus.cardoxy.procurement@cronuscorp.net,,FOREIGN,,,0,EU,1,0,ICP30,0,,,0,,,X,1,,0,,,0,
